Date,Weight,Label,TargetDate
2020/07/24 7:00:00,70,2021_TokyoNovice,2021/05/03
2020/07/25 8:02:06,70.1,2021_TokyoNovice,2021/05/03
2020/07/26 7:34:56,69.4,2021_TokyoNovice,2021/05/03
2020/07/27 6:02:02,69.5,2021_TokyoNovice,2021/05/03
2020/07/28 6:06:31,69.9,2021_TokyoNovice,2021/05/03
2020/07/29 6:12:18,70.4,2021_TokyoNovice,2021/05/03
2020/07/30 5:33:08,70.7,2021_TokyoNovice,2021/05/03
2020/07/31 5:51:30,69.8,2021_TokyoNovice,2021/05/03
2020/08/01 6:54:49,69.2,2021_TokyoNovice,2021/05/03
2020/08/02 7:31:07,69,2021_TokyoNovice,2021/05/03
2020/08/03 5:49:57,68.5,2021_TokyoNovice,2021/05/03
2020/08/04 5:39:55,68.8,2021_TokyoNovice,2021/05/03
2020/08/05 5:11:09,69.5,2021_TokyoNovice,2021/05/03
2020/08/06 5:34:19,69,2021_TokyoNovice,2021/05/03
2020/08/07 5:10:42,69.5,2021_TokyoNovice,2021/05/03
2020/08/08 7:17:41,68.3,2021_TokyoNovice,2021/05/03
2020/08/09 6:58:03,67.9,2021_TokyoNovice,2021/05/03
2020/08/10 6:45:06,68,2021_TokyoNovice,2021/05/03
2020/08/11 8:41:52,69.3,2021_TokyoNovice,2021/05/03
2020/08/12 7:55:50,69.5,2021_TokyoNovice,2021/05/03
2020/08/13 5:52:42,68.8,2021_TokyoNovice,2021/05/03
2020/08/14 7:12:39,68.5,2021_TokyoNovice,2021/05/03
2020/08/15 7:51:16,67.7,2021_TokyoNovice,2021/05/03
2020/08/16 7:34:34,67.5,2021_TokyoNovice,2021/05/03
2020/08/17 5:52:21,68.2,2021_TokyoNovice,2021/05/03
2020/08/18 6:04:59,68,2021_TokyoNovice,2021/05/03
2020/08/19 5:35:06,67.8,2021_TokyoNovice,2021/05/03
2020/08/20 5:10:41,67.5,2021_TokyoNovice,2021/05/03
2020/08/21 6:22:35,67,2021_TokyoNovice,2021/05/03
2020/08/22 7:43:24,66.8,2021_TokyoNovice,2021/05/03
2020/08/23 7:08:36,66.8,2021_TokyoNovice,2021/05/03
2020/08/24 5:23:50,67.1,2021_TokyoNovice,2021/05/03
2020/08/25 5:36:12,67.4,2021_TokyoNovice,2021/05/03
2020/08/26 6:08:37,67.6,2021_TokyoNovice,2021/05/03
2020/08/27 5:03:57,66.9,2021_TokyoNovice,2021/05/03
2020/08/28 5:10:06,66.1,2021_TokyoNovice,2021/05/03
2020/08/29 5:55:40,65.5,2021_TokyoNovice,2021/05/03
2020/08/30 6:39:30,65.8,2021_TokyoNovice,2021/05/03
2020/08/31 5:40:34,66.1,2021_TokyoNovice,2021/05/03
2020/09/01 6:26:52,66.5,2021_TokyoNovice,2021/05/03
2020/09/02 5:10:00,66.1,2021_TokyoNovice,2021/05/03
2020/09/03 5:31:01,65.8,2021_TokyoNovice,2021/05/03
2020/09/04 5:15:58,66,2021_TokyoNovice,2021/05/03
2020/09/05 5:44:10,66,2021_TokyoNovice,2021/05/03
2020/09/06 5:28:45,65.6,2021_TokyoNovice,2021/05/03
2020/09/07 5:30:14,65.1,2021_TokyoNovice,2021/05/03
2020/09/08 5:27:25,65.4,2021_TokyoNovice,2021/05/03
2020/09/09 5:37:43,65.5,2021_TokyoNovice,2021/05/03
2020/09/10 5:37:37,65.4,2021_TokyoNovice,2021/05/03
2020/09/11 5:24:24,65.1,2021_TokyoNovice,2021/05/03
2020/09/12 5:45:21,64.8,2021_TokyoNovice,2021/05/03
2020/09/12 23:39:44,66.8,2021_TokyoNovice,2021/05/03
2020/09/13 7:02:31,66.4,2021_TokyoNovice,2021/05/03
2020/09/14 5:50:57,64.9,2021_TokyoNovice,2021/05/03
2020/09/15 6:14:31,65.4,2021_TokyoNovice,2021/05/03
2020/09/16 5:12:00,65.4,2021_TokyoNovice,2021/05/03
2020/09/17 5:10:40,65.3,2021_TokyoNovice,2021/05/03
2020/09/18 4:32:07,65,2021_TokyoNovice,2021/05/03
2020/09/19 5:38:50,64.5,2021_TokyoNovice,2021/05/03
2020/09/20 7:24:24,64.3,2021_TokyoNovice,2021/05/03
2020/09/21 5:36:16,63.5,2021_TokyoNovice,2021/05/03
2020/09/22 5:11:31,63.6,2021_TokyoNovice,2021/05/03
2020/09/23 5:37:11,63.9,2021_TokyoNovice,2021/05/03
2020/09/24 6:06:28,64.5,2021_TokyoNovice,2021/05/03
2020/09/25 5:55:16,64.5,2021_TokyoNovice,2021/05/03
2020/09/26 5:16:35,64.3,2021_TokyoNovice,2021/05/03
2020/09/27 6:50:00,63.6,2021_TokyoNovice,2021/05/03
2020/09/28 5:28:58,64.2,2021_TokyoNovice,2021/05/03
2020/09/29 5:23:22,66.2,2021_TokyoNovice,2021/05/03
2020/09/30 5:36:14,66,2021_TokyoNovice,2021/05/03
2020/10/01 6:11:35,65.8,2021_TokyoNovice,2021/05/03
2020/10/02 5:40:35,65.7,2021_TokyoNovice,2021/05/03
2020/10/03 6:26:59,66.1,2021_TokyoNovice,2021/05/03
2020/10/04 7:32:21,66.4,2021_TokyoNovice,2021/05/03
2021/01/12 6:17:55,71.9,2021_TokyoNovice,2021/05/03
2021/01/16 8:27:27,71.2,2021_TokyoNovice,2021/05/03
2021/01/17 8:14:40,71.1,2021_TokyoNovice,2021/05/03
2021/01/18 6:48:05,70.7,2021_TokyoNovice,2021/05/03
2021/01/20 6:24:28,70.7,2021_TokyoNovice,2021/05/03
2021/01/21 6:28:24,70.2,2021_TokyoNovice,2021/05/03
2021/01/22 6:35:03,70.6,2021_TokyoNovice,2021/05/03
2021/01/23 9:18:01,70.2,2021_TokyoNovice,2021/05/03
2021/01/24 9:05:30,69.4,2021_TokyoNovice,2021/05/03
2021/01/25 6:19:27,69.5,2021_TokyoNovice,2021/05/03
2021/01/26 6:16:47,69.9,2021_TokyoNovice,2021/05/03
2021/01/27 6:16:09,69.6,2021_TokyoNovice,2021/05/03
2021/01/29 6:14:04,68.8,2021_TokyoNovice,2021/05/03
2021/01/30 8:24:56,68.5,2021_TokyoNovice,2021/05/03
2021/01/31 7:18:50,68.4,2021_TokyoNovice,2021/05/03
2021/02/01 5:17:13,67.7,2021_TokyoNovice,2021/05/03
2021/02/02 6:26:12,68.8,2021_TokyoNovice,2021/05/03
2021/02/03 6:48:27,68.7,2021_TokyoNovice,2021/05/03
2021/02/04 6:28:35,68.9,2021_TokyoNovice,2021/05/03
2021/02/05 6:14:04,68.1,2021_TokyoNovice,2021/05/03
2021/02/06 7:37:19,67.4,2021_TokyoNovice,2021/05/03
2021/02/07 8:16:29,67.7,2021_TokyoNovice,2021/05/03
2021/02/08 7:16:12,67.1,2021_TokyoNovice,2021/05/03
2021/02/09 5:33:47,67.2,2021_TokyoNovice,2021/05/03
2021/02/10 6:12:54,67.7,2021_TokyoNovice,2021/05/03
2021/02/11 5:49:39,67.7,2021_TokyoNovice,2021/05/03
2021/02/12 5:25:48,66.2,2021_TokyoNovice,2021/05/03
2021/02/13 6:27:14,66.1,2021_TokyoNovice,2021/05/03
2021/02/14 6:36:49,66,2021_TokyoNovice,2021/05/03
2021/02/15 5:22:51,66,2021_TokyoNovice,2021/05/03
2021/02/16 6:22:06,66.7,2021_TokyoNovice,2021/05/03
2021/02/17 5:30:53,67.1,2021_TokyoNovice,2021/05/03
2021/02/18 5:23:36,65.9,2021_TokyoNovice,2021/05/03
2021/02/19 5:17:14,66,2021_TokyoNovice,2021/05/03
2021/02/20 6:45:15,65.3,2021_TokyoNovice,2021/05/03
2021/02/21 6:27:45,65.3,2021_TokyoNovice,2021/05/03
2021/02/22 6:16:03,66.3,2021_TokyoNovice,2021/05/03
2021/02/23 6:57:42,66.7,2021_TokyoNovice,2021/05/03
2021/02/24 5:23:27,66.2,2021_TokyoNovice,2021/05/03
2021/02/25 5:10:08,66.1,2021_TokyoNovice,2021/05/03
2021/02/26 5:08:39,65.2,2021_TokyoNovice,2021/05/03
2021/02/27 7:21:41,64.2,2021_TokyoNovice,2021/05/03
2021/02/28 7:14:38,64.3,2021_TokyoNovice,2021/05/03
2021/03/01 6:04:20,64.9,2021_TokyoNovice,2021/05/03
2021/03/02 5:13:59,65.1,2021_TokyoNovice,2021/05/03
2021/03/03 5:38:42,64.5,2021_TokyoNovice,2021/05/03
2021/03/04 5:11:47,64.3,2021_TokyoNovice,2021/05/03
2021/03/05 6:13:18,63.7,2021_TokyoNovice,2021/05/03
2021/03/06 6:25:17,63.3,2021_TokyoNovice,2021/05/03
2021/03/07 6:58:56,63.5,2021_TokyoNovice,2021/05/03
2021/03/08 5:17:28,63.5,2021_TokyoNovice,2021/05/03
2021/03/09 5:13:33,63.7,2021_TokyoNovice,2021/05/03
2021/03/10 5:13:58,63.8,2021_TokyoNovice,2021/05/03
2021/03/11 5:08:45,62.9,2021_TokyoNovice,2021/05/03
2021/03/12 5:22:18,63,2021_TokyoNovice,2021/05/03
2021/03/13 8:03:59,62.3,2021_TokyoNovice,2021/05/03
2021/03/14 6:12:00,62.4,2021_TokyoNovice,2021/05/03
2021/03/15 6:24:49,62.6,2021_TokyoNovice,2021/05/03
2021/03/16 4:56:27,62.8,2021_TokyoNovice,2021/05/03
2021/03/17 5:13:36,62.2,2021_TokyoNovice,2021/05/03
2021/03/18 5:14:22,62.7,2021_TokyoNovice,2021/05/03
2021/03/19 4:37:22,62,2021_TokyoNovice,2021/05/03
2021/03/20 6:48:11,61.7,2021_TokyoNovice,2021/05/03
2021/03/21 5:51:48,64.4,2021_TokyoNovice,2021/05/03
2021/03/22 5:03:23,62.8,2021_TokyoNovice,2021/05/03
2021/03/23 6:12:18,62.2,2021_TokyoNovice,2021/05/03
2021/03/24 6:30:11,62.2,2021_TokyoNovice,2021/05/03
2021/03/25 5:14:36,62.4,2021_TokyoNovice,2021/05/03
2021/03/26 5:06:54,61.9,2021_TokyoNovice,2021/05/03
2021/03/27 6:38:46,60.8,2021_TokyoNovice,2021/05/03
2021/03/28 7:01:30,60.8,2021_TokyoNovice,2021/05/03
2021/03/29 6:20:06,60.7,2021_TokyoNovice,2021/05/03
2021/03/30 5:12:07,60.9,2021_TokyoNovice,2021/05/03
2021/03/31 6:23:08,60.3,2021_TokyoNovice,2021/05/03
2021/04/01 5:14:25,61.1,2021_TokyoNovice,2021/05/03
2021/04/02 5:08:10,61.6,2021_TokyoNovice,2021/05/03
2021/04/03 6:21:11,61,2021_TokyoNovice,2021/05/03
2021/04/04 6:03:09,60.8,2021_TokyoNovice,2021/05/03
2021/04/05 5:18:47,60.9,2021_TokyoNovice,2021/05/03
2021/04/06 5:15:43,60.7,2021_TokyoNovice,2021/05/03
2021/04/07 5:15:21,60.5,2021_TokyoNovice,2021/05/03
2021/04/08 5:30:22,60.2,2021_TokyoNovice,2021/05/03
2021/04/09 5:06:24,60.3,2021_TokyoNovice,2021/05/03
2021/04/10 6:03:54,59.5,2021_TokyoNovice,2021/05/03
2021/04/11 6:33:25,59.3,2021_TokyoNovice,2021/05/03
2021/04/12 5:05:58,59.4,2021_TokyoNovice,2021/05/03
2021/04/13 5:05:28,59.4,2021_TokyoNovice,2021/05/03
2021/04/14 5:04:35,59.2,2021_TokyoNovice,2021/05/03
2021/04/15 5:08:56,59.1,2021_TokyoNovice,2021/05/03
2021/04/16 5:03:55,59.1,2021_TokyoNovice,2021/05/03
2021/04/17 6:14:19,58.2,2021_TokyoNovice,2021/05/03
2021/04/18 6:06:58,58.1,2021_TokyoNovice,2021/05/03
2021/04/19 5:05:00,58.9,2021_TokyoNovice,2021/05/03
2021/04/20 5:13:37,58.6,2021_TokyoNovice,2021/05/03
2021/04/21 5:14:22,58.3,2021_TokyoNovice,2021/05/03
2021/04/22 5:05:30,59.1,2021_TokyoNovice,2021/05/03
2021/04/23 5:15:18,58.8,2021_TokyoNovice,2021/05/03
2021/04/24 5:41:39,58.3,2021_TokyoNovice,2021/05/03
2021/04/25 9:12:39,60.6,2021_TokyoNovice,2021/05/03
2021/04/26 6:06:22,60.9,2021_TokyoNovice,2021/05/03
2021/04/27 5:06:06,58.6,2021_TokyoNovice,2021/05/03
2021/04/28 7:22:55,58.3,2021_TokyoNovice,2021/05/03
2021/04/29 6:46:16,57.5,2021_TokyoNovice,2021/05/03
2021/04/30 6:07:08,57.9,2021_TokyoNovice,2021/05/03
2021/05/01 4:54:27,57.6,2021_TokyoNovice,2021/05/03
2021/05/02 5:40:08,57.3,2021_TokyoNovice,2021/05/03
2021/05/03 5:11:37,57.4,2021_TokyoNovice,2021/05/03
2021/07/25 6:15:59,78.3,2022_TokyoNovice,2022/05/01
2021/07/28 6:34:00,77,2022_TokyoNovice,2022/05/01
2022/01/06 7:05:00,73.3,2022_TokyoNovice,2022/05/01
2022/01/09 7:16:04,71.6,2022_TokyoNovice,2022/05/01
2022/01/10 8:13:18,71.7,2022_TokyoNovice,2022/05/01
2022/01/11 7:02:52,72.1,2022_TokyoNovice,2022/05/01
2022/01/12 7:38:04,71.9,2022_TokyoNovice,2022/05/01
2022/01/13 7:13:43,71.7,2022_TokyoNovice,2022/05/01
2022/01/14 7:08:31,72.1,2022_TokyoNovice,2022/05/01
2022/01/15 9:14:12,71.7,2022_TokyoNovice,2022/05/01
2022/01/16 10:13:45,70.2,2022_TokyoNovice,2022/05/01
2022/01/17 7:15:55,70.7,2022_TokyoNovice,2022/05/01
2022/01/18 10:07:57,70.4,2022_TokyoNovice,2022/05/01
2022/01/19 6:00:59,69.8,2022_TokyoNovice,2022/05/01
2022/01/20 8:30:43,70.2,2022_TokyoNovice,2022/05/01
2022/01/21 7:38:24,70.7,2022_TokyoNovice,2022/05/01
2022/01/22 8:12:10,69.9,2022_TokyoNovice,2022/05/01
2022/01/23 10:16:33,70.9,2022_TokyoNovice,2022/05/01
2022/01/24 7:16:52,70,2022_TokyoNovice,2022/05/01
2022/01/25 5:33:52,69.8,2022_TokyoNovice,2022/05/01
2022/01/26 7:03:08,70.7,2022_TokyoNovice,2022/05/01
2022/01/27 7:17:06,69.8,2022_TokyoNovice,2022/05/01
2022/01/28 6:02:42,69.5,2022_TokyoNovice,2022/05/01
2022/01/29 8:29:56,68.9,2022_TokyoNovice,2022/05/01
2022/01/30 9:35:33,69.1,2022_TokyoNovice,2022/05/01
2022/01/31 5:43:37,69.1,2022_TokyoNovice,2022/05/01
2022/02/01 7:39:30,69.8,2022_TokyoNovice,2022/05/01
2022/02/02 7:03:33,69.5,2022_TokyoNovice,2022/05/01
2022/02/03 7:06:55,68.7,2022_TokyoNovice,2022/05/01
2022/02/04 6:57:13,68.3,2022_TokyoNovice,2022/05/01
2022/02/05 8:17:24,68.8,2022_TokyoNovice,2022/05/01
2022/02/06 6:49:05,67.7,2022_TokyoNovice,2022/05/01
2022/02/07 6:52:02,68.2,2022_TokyoNovice,2022/05/01
2022/02/08 6:55:41,68.9,2022_TokyoNovice,2022/05/01
2022/02/09 7:14:59,68.1,2022_TokyoNovice,2022/05/01
2022/02/10 6:46:47,68.3,2022_TokyoNovice,2022/05/01
2022/02/11 7:13:51,67.1,2022_TokyoNovice,2022/05/01
2022/02/12 7:17:51,66.2,2022_TokyoNovice,2022/05/01
2022/02/13 7:10:01,67.3,2022_TokyoNovice,2022/05/01
2022/02/14 7:15:57,66.7,2022_TokyoNovice,2022/05/01
2022/02/15 6:07:40,67.4,2022_TokyoNovice,2022/05/01
2022/02/16 5:22:34,67.4,2022_TokyoNovice,2022/05/01
2022/02/17 5:53:13,67.1,2022_TokyoNovice,2022/05/01
2022/02/18 8:10:55,66.7,2022_TokyoNovice,2022/05/01
2022/02/19 6:28:45,66.6,2022_TokyoNovice,2022/05/01
2022/02/20 7:03:14,66.5,2022_TokyoNovice,2022/05/01
2022/02/21 5:09:51,66.3,2022_TokyoNovice,2022/05/01
2022/02/22 6:54:17,66.1,2022_TokyoNovice,2022/05/01
2022/02/23 6:55:46,66.1,2022_TokyoNovice,2022/05/01
2022/02/24 7:05:18,65.7,2022_TokyoNovice,2022/05/01
2022/02/25 7:31:07,65.6,2022_TokyoNovice,2022/05/01
2022/02/26 7:45:17,65,2022_TokyoNovice,2022/05/01
2022/02/27 8:58:43,65.3,2022_TokyoNovice,2022/05/01
2022/02/28 7:14:14,65.3,2022_TokyoNovice,2022/05/01
2022/03/01 6:02:07,65.9,2022_TokyoNovice,2022/05/01
2022/03/02 6:26:45,65.7,2022_TokyoNovice,2022/05/01
2022/03/04 6:51:43,65.6,2022_TokyoNovice,2022/05/01
2022/03/05 6:39:00,64.9,2022_TokyoNovice,2022/05/01
2022/03/06 8:23:45,64.8,2022_TokyoNovice,2022/05/01
2022/03/07 6:53:00,64.8,2022_TokyoNovice,2022/05/01
2022/03/08 7:05:36,65.2,2022_TokyoNovice,2022/05/01
2022/03/09 5:10:07,65.3,2022_TokyoNovice,2022/05/01
2022/03/10 5:51:23,64.7,2022_TokyoNovice,2022/05/01
2022/03/11 5:45:20,65.2,2022_TokyoNovice,2022/05/01
2022/03/12 5:53:37,63.9,2022_TokyoNovice,2022/05/01
2022/03/13 5:29:15,64.5,2022_TokyoNovice,2022/05/01
2022/03/14 8:40:23,63.8,2022_TokyoNovice,2022/05/01
2022/03/15 5:10:52,64.7,2022_TokyoNovice,2022/05/01
2022/03/16 5:08:19,64.8,2022_TokyoNovice,2022/05/01
2022/03/17 8:25:52,64.4,2022_TokyoNovice,2022/05/01
2022/03/18 5:06:01,64.5,2022_TokyoNovice,2022/05/01
2022/03/19 5:57:51,63.6,2022_TokyoNovice,2022/05/01
2022/03/20 5:41:38,63.7,2022_TokyoNovice,2022/05/01
2022/03/21 5:42:39,63.1,2022_TokyoNovice,2022/05/01
2022/03/22 6:54:28,66.5,2022_TokyoNovice,2022/05/01
2022/03/23 6:33:56,64.9,2022_TokyoNovice,2022/05/01
2022/03/24 6:03:08,64.6,2022_TokyoNovice,2022/05/01
2022/03/25 5:06:23,64.3,2022_TokyoNovice,2022/05/01
2022/03/26 6:03:56,63.6,2022_TokyoNovice,2022/05/01
2022/03/27 6:12:34,63.7,2022_TokyoNovice,2022/05/01
2022/03/28 5:14:33,63.6,2022_TokyoNovice,2022/05/01
2022/03/29 8:09:40,63.8,2022_TokyoNovice,2022/05/01
2022/03/30 5:04:02,63.4,2022_TokyoNovice,2022/05/01
2022/03/31 5:15:10,62.8,2022_TokyoNovice,2022/05/01
2022/04/01 4:56:16,62.9,2022_TokyoNovice,2022/05/01
2022/04/02 5:05:42,62.5,2022_TokyoNovice,2022/05/01
2022/04/03 5:17:58,62.2,2022_TokyoNovice,2022/05/01
2022/04/04 5:23:28,61.8,2022_TokyoNovice,2022/05/01
2022/04/05 5:09:25,62.4,2022_TokyoNovice,2022/05/01
2022/04/06 5:06:00,62.8,2022_TokyoNovice,2022/05/01
2022/04/06 5:16:02,62.8,2022_TokyoNovice,2022/05/01
2022/04/07 5:03:51,62.6,2022_TokyoNovice,2022/05/01
2022/04/08 5:07:19,62.6,2022_TokyoNovice,2022/05/01
2022/04/09 6:34:00,62.3,2022_TokyoNovice,2022/05/01
2022/04/10 6:33:50,61.7,2022_TokyoNovice,2022/05/01
2022/04/11 5:10:36,62,2022_TokyoNovice,2022/05/01
2022/04/12 4:48:22,62.5,2022_TokyoNovice,2022/05/01
2022/04/13 5:09:32,62,2022_TokyoNovice,2022/05/01
2022/04/14 5:07:35,61.4,2022_TokyoNovice,2022/05/01
2022/04/15 5:23:34,61.1,2022_TokyoNovice,2022/05/01
2022/04/16 6:05:25,61.1,2022_TokyoNovice,2022/05/01
2022/04/17 6:53:11,60.7,2022_TokyoNovice,2022/05/01
2022/04/18 5:08:02,61,2022_TokyoNovice,2022/05/01
2022/04/19 5:27:48,61.4,2022_TokyoNovice,2022/05/01
2022/04/20 5:10:55,61.6,2022_TokyoNovice,2022/05/01
2022/04/20 5:11:45,61.6,2022_TokyoNovice,2022/05/01
2022/04/21 5:06:44,61.1,2022_TokyoNovice,2022/05/01
2022/04/22 5:06:48,61.1,2022_TokyoNovice,2022/05/01
2022/04/23 6:25:51,60.9,2022_TokyoNovice,2022/05/01
2022/04/24 7:28:18,60.3,2022_TokyoNovice,2022/05/01
2022/04/25 5:17:54,60.3,2022_TokyoNovice,2022/05/01
2022/04/26 6:04:35,60,2022_TokyoNovice,2022/05/01
2022/04/27 5:17:38,60.7,2022_TokyoNovice,2022/05/01
2022/04/28 5:40:45,59.9,2022_TokyoNovice,2022/05/01
2022/04/29 4:36:08,59.7,2022_TokyoNovice,2022/05/01
2022/04/30 6:27:29,59.5,2022_TokyoNovice,2022/05/01
2022/05/01 4:52:12,59.9,2022_TokyoNovice,2022/05/01
2022/05/06 5:03:00,65.7,2023_TokyoNovice,2023/05/02
2022/05/07 6:03:19,65.7,2023_TokyoNovice,2023/05/02
2022/05/08 7:06:21,65.6,2023_TokyoNovice,2023/05/02
2022/05/09 6:02:41,66.6,2023_TokyoNovice,2023/05/02
2022/05/10 5:03:24,66.3,2023_TokyoNovice,2023/05/02
2022/05/11 6:06:42,65.9,2023_TokyoNovice,2023/05/02
2022/05/12 8:08:13,66,2023_TokyoNovice,2023/05/02
2022/05/13 6:10:27,65.8,2023_TokyoNovice,2023/05/02
2022/05/14 5:58:46,66.2,2023_TokyoNovice,2023/05/02
2022/05/15 6:53:29,66.3,2023_TokyoNovice,2023/05/02
2022/05/17 5:55:40,66.8,2023_TokyoNovice,2023/05/02
2022/05/18 5:09:47,67.3,2023_TokyoNovice,2023/05/02
2022/05/19 6:17:50,66.8,2023_TokyoNovice,2023/05/02
2022/05/20 6:57:39,67.3,2023_TokyoNovice,2023/05/02
2022/05/21 7:33:25,67.8,2023_TokyoNovice,2023/05/02
2022/05/22 6:22:51,68.2,2023_TokyoNovice,2023/05/02
2022/05/24 5:39:39,67.8,2023_TokyoNovice,2023/05/02
2022/05/25 6:35:45,68.1,2023_TokyoNovice,2023/05/02
2022/05/26 6:00:56,68.3,2023_TokyoNovice,2023/05/02
2022/05/27 6:34:15,68.5,2023_TokyoNovice,2023/05/02
2022/05/28 6:09:42,68.9,2023_TokyoNovice,2023/05/02
2022/05/29 7:43:35,68.8,2023_TokyoNovice,2023/05/02
2022/05/30 7:06:10,69.6,2023_TokyoNovice,2023/05/02
2022/05/31 6:31:58,68.7,2023_TokyoNovice,2023/05/02
2022/06/01 6:09:04,69.1,2023_TokyoNovice,2023/05/02
2022/06/02 6:41:00,69.6,2023_TokyoNovice,2023/05/02
2022/06/03 6:41:20,69.1,2023_TokyoNovice,2023/05/02
2022/06/04 7:10:50,69.4,2023_TokyoNovice,2023/05/02
2022/06/05 6:05:17,69.9,2023_TokyoNovice,2023/05/02
2022/06/06 6:15:07,69.6,2023_TokyoNovice,2023/05/02
2022/06/07 6:24:58,69.7,2023_TokyoNovice,2023/05/02
2022/06/08 6:24:59,69.9,2023_TokyoNovice,2023/05/02
2022/06/09 6:52:50,70.1,2023_TokyoNovice,2023/05/02
2022/06/11 6:25:49,69.6,2023_TokyoNovice,2023/05/02
2022/06/12 6:58:02,69.8,2023_TokyoNovice,2023/05/02
2022/06/13 5:49:52,69.9,2023_TokyoNovice,2023/05/02
2022/06/18 7:09:24,70.6,2023_TokyoNovice,2023/05/02
2022/06/19 6:53:32,69.7,2023_TokyoNovice,2023/05/02
2022/06/20 6:52:42,70.6,2023_TokyoNovice,2023/05/02
2022/06/21 7:04:34,71.2,2023_TokyoNovice,2023/05/02
2022/06/25 7:33:00,71,2023_TokyoNovice,2023/05/02
2022/06/26 8:06:32,71,2023_TokyoNovice,2023/05/02
2022/11/22 8:47:50,74.5,2023_TokyoNovice,2023/05/02
2022/11/23 10:12:22,73.4,2023_TokyoNovice,2023/05/02
2023/01/08 10:14:26,72.6,2023_TokyoNovice,2023/05/02
2023/01/09 8:49:30,72.5,2023_TokyoNovice,2023/05/02
2023/01/10 8:33:50,72.8,2023_TokyoNovice,2023/05/02
2023/01/11 8:39:32,72,2023_TokyoNovice,2023/05/02
2023/01/13 8:19:16,72.2,2023_TokyoNovice,2023/05/02
2023/01/14 9:19:20,71.3,2023_TokyoNovice,2023/05/02
2023/01/15 8:49:27,71.9,2023_TokyoNovice,2023/05/02
2023/01/19 8:04:00,71.2,2023_TokyoNovice,2023/05/02
2023/01/20 9:18:49,71.1,2023_TokyoNovice,2023/05/02
2023/01/21 9:10:02,70.9,2023_TokyoNovice,2023/05/02
2023/02/04 8:39:28,68.3,2023_TokyoNovice,2023/05/02
2023/02/05 10:08:06,68.7,2023_TokyoNovice,2023/05/02
2023/02/06 7:11:35,69,2023_TokyoNovice,2023/05/02
2023/02/07 7:13:05,69.1,2023_TokyoNovice,2023/05/02
2023/02/08 7:09:20,69.2,2023_TokyoNovice,2023/05/02
2023/02/10 7:06:53,69,2023_TokyoNovice,2023/05/02
2023/02/11 9:34:56,68.8,2023_TokyoNovice,2023/05/02
2023/02/12 8:37:13,69.7,2023_TokyoNovice,2023/05/02
2023/02/13 8:07:20,69.3,2023_TokyoNovice,2023/05/02
2023/02/14 8:16:46,68.8,2023_TokyoNovice,2023/05/02
2023/02/15 8:16:51,68.5,2023_TokyoNovice,2023/05/02
2023/02/16 7:56:04,69,2023_TokyoNovice,2023/05/02
2023/02/17 8:14:11,68.4,2023_TokyoNovice,2023/05/02
2023/02/19 8:00:12,68.6,2023_TokyoNovice,2023/05/02
2023/02/20 8:14:11,68.8,2023_TokyoNovice,2023/05/02
2023/02/21 8:11:35,68.4,2023_TokyoNovice,2023/05/02
2023/02/22 7:25:45,68.1,2023_TokyoNovice,2023/05/02
2023/02/23 9:03:13,67.4,2023_TokyoNovice,2023/05/02
2023/02/24 7:43:22,68.4,2023_TokyoNovice,2023/05/02
2023/02/26 9:07:21,68.1,2023_TokyoNovice,2023/05/02
2023/02/27 11:08:29,67.9,2023_TokyoNovice,2023/05/02
2023/02/28 7:13:35,67.4,2023_TokyoNovice,2023/05/02
2023/03/01 8:18:20,67.3,2023_TokyoNovice,2023/05/02
2023/03/02 7:07:21,67.5,2023_TokyoNovice,2023/05/02
2023/03/03 8:28:04,67.4,2023_TokyoNovice,2023/05/02
2023/03/04 7:08:53,67.1,2023_TokyoNovice,2023/05/02
2023/03/05 8:36:50,67.4,2023_TokyoNovice,2023/05/02
2023/03/06 7:47:51,67.4,2023_TokyoNovice,2023/05/02
2023/03/07 6:43:00,66.7,2023_TokyoNovice,2023/05/02
2023/03/08 8:07:02,66.4,2023_TokyoNovice,2023/05/02
2023/03/09 7:40:50,67,2023_TokyoNovice,2023/05/02
2023/03/10 8:55:02,67.3,2023_TokyoNovice,2023/05/02
2023/03/11 8:34:45,66.2,2023_TokyoNovice,2023/05/02
2023/03/12 9:14:25,66.5,2023_TokyoNovice,2023/05/02
2023/03/13 7:58:35,66.6,2023_TokyoNovice,2023/05/02
2023/03/14 8:10:37,66,2023_TokyoNovice,2023/05/02
2023/03/15 6:10:47,66,2023_TokyoNovice,2023/05/02
2023/03/16 6:25:23,65.8,2023_TokyoNovice,2023/05/02
2023/03/17 6:35:31,66.3,2023_TokyoNovice,2023/05/02
2023/03/18 9:39:40,65.3,2023_TokyoNovice,2023/05/02
2023/03/19 7:45:42,65.3,2023_TokyoNovice,2023/05/02
2023/03/20 7:53:38,65.5,2023_TokyoNovice,2023/05/02
2023/03/21 7:58:17,64.9,2023_TokyoNovice,2023/05/02
2023/03/22 7:39:51,65.2,2023_TokyoNovice,2023/05/02
2023/03/23 6:38:54,65.1,2023_TokyoNovice,2023/05/02
2023/03/24 8:00:57,64.4,2023_TokyoNovice,2023/05/02
2023/03/25 7:58:29,63.8,2023_TokyoNovice,2023/05/02
2023/03/27 6:49:20,64.8,2023_TokyoNovice,2023/05/02
2023/03/28 6:43:21,64.5,2023_TokyoNovice,2023/05/02
2023/03/29 7:56:18,63.6,2023_TokyoNovice,2023/05/02
2023/03/30 6:22:01,63.6,2023_TokyoNovice,2023/05/02
2023/03/31 6:21:38,64,2023_TokyoNovice,2023/05/02
2023/04/01 7:08:35,63.7,2023_TokyoNovice,2023/05/02
2023/04/02 8:47:05,63.9,2023_TokyoNovice,2023/05/02
2023/04/03 6:24:05,64.4,2023_TokyoNovice,2023/05/02
2023/04/04 5:58:49,63.8,2023_TokyoNovice,2023/05/02
2023/04/07 6:25:21,63.5,2023_TokyoNovice,2023/05/02
2023/04/08 6:51:16,62.8,2023_TokyoNovice,2023/05/02
2023/04/09 10:12:43,62.5,2023_TokyoNovice,2023/05/02
2023/04/10 6:40:41,62.8,2023_TokyoNovice,2023/05/02
2023/04/11 6:27:26,63,2023_TokyoNovice,2023/05/02
2023/04/12 5:34:28,62.9,2023_TokyoNovice,2023/05/02
2023/04/13 7:18:55,62.4,2023_TokyoNovice,2023/05/02
2023/04/14 6:27:03,62.4,2023_TokyoNovice,2023/05/02
2023/04/15 6:38:38,62.5,2023_TokyoNovice,2023/05/02
2023/04/16 6:58:50,62.5,2023_TokyoNovice,2023/05/02
2023/04/17 6:24:28,62.4,2023_TokyoNovice,2023/05/02
2023/04/18 6:19:40,62,2023_TokyoNovice,2023/05/02
2023/04/19 7:10:07,62.2,2023_TokyoNovice,2023/05/02
2023/04/20 6:13:53,61.8,2023_TokyoNovice,2023/05/02
2023/04/21 5:56:13,62.1,2023_TokyoNovice,2023/05/02
2023/04/22 6:29:31,61.9,2023_TokyoNovice,2023/05/02
2023/04/23 7:11:30,61.8,2023_TokyoNovice,2023/05/02
2023/04/24 6:15:34,62,2023_TokyoNovice,2023/05/02
2023/04/25 22:52:22,61.5,2023_TokyoNovice,2023/05/02
2023/04/26 5:56:23,61.9,2023_TokyoNovice,2023/05/02
2023/04/27 6:20:48,61.7,2023_TokyoNovice,2023/05/02
2023/04/28 5:29:18,61.7,2023_TokyoNovice,2023/05/02
2023/04/29 5:19:42,61.1,2023_TokyoNovice,2023/05/02
2023/04/30 5:22:54,60.5,2023_TokyoNovice,2023/05/02
2023/05/01 5:20:44,60.5,2023_TokyoNovice,2023/05/02
2023/05/02 6:00:13,59,2023_TokyoNovice,2023/05/02
2023/05/03 5:50:00,59.6,2024_TokyoNovice,2024/04/30
2023/05/04 7:50:11,62,2024_TokyoNovice,2024/04/30
2023/05/05 9:36:37,63.2,2024_TokyoNovice,2024/04/30
2023/05/06 8:22:45,63.4,2024_TokyoNovice,2024/04/30
2023/05/07 7:09:51,63.5,2024_TokyoNovice,2024/04/30
2023/05/08 6:59:04,63.4,2024_TokyoNovice,2024/04/30
2023/05/09 6:20:12,62.5,2024_TokyoNovice,2024/04/30
2023/05/10 5:33:25,62.9,2024_TokyoNovice,2024/04/30
2023/05/11 7:38:54,62.7,2024_TokyoNovice,2024/04/30
2023/05/12 7:54:45,63.2,2024_TokyoNovice,2024/04/30
2023/05/13 6:44:47,63.5,2024_TokyoNovice,2024/04/30
2023/05/14 7:46:36,63.4,2024_TokyoNovice,2024/04/30
2023/05/15 6:07:36,63.4,2024_TokyoNovice,2024/04/30
2023/05/16 6:14:38,62.9,2024_TokyoNovice,2024/04/30
2023/05/17 6:18:59,62.8,2024_TokyoNovice,2024/04/30
2023/05/18 7:35:23,63.1,2024_TokyoNovice,2024/04/30
2023/05/19 6:02:21,63.9,2024_TokyoNovice,2024/04/30
2023/05/20 7:29:42,63.5,2024_TokyoNovice,2024/04/30
2023/05/21 6:58:14,64.1,2024_TokyoNovice,2024/04/30
2023/05/22 6:11:11,64.8,2024_TokyoNovice,2024/04/30
2023/05/23 6:02:13,65.3,2024_TokyoNovice,2024/04/30
2023/05/24 6:14:41,65.3,2024_TokyoNovice,2024/04/30
2023/05/25 6:12:54,65,2024_TokyoNovice,2024/04/30
2023/05/26 7:44:31,65.2,2024_TokyoNovice,2024/04/30
2023/05/27 7:11:12,65.3,2024_TokyoNovice,2024/04/30
2023/05/28 6:23:45,66.2,2024_TokyoNovice,2024/04/30
2023/05/29 6:30:48,65.7,2024_TokyoNovice,2024/04/30
2023/05/30 7:24:30,65.5,2024_TokyoNovice,2024/04/30
2023/05/31 7:29:40,65.9,2024_TokyoNovice,2024/04/30
2023/06/01 6:31:46,66.6,2024_TokyoNovice,2024/04/30
2023/06/02 7:43:47,66.1,2024_TokyoNovice,2024/04/30
2023/06/03 7:12:33,66,2024_TokyoNovice,2024/04/30
2023/06/04 7:57:00,67,2024_TokyoNovice,2024/04/30
2023/06/05 7:58:09,66.6,2024_TokyoNovice,2024/04/30
2023/06/06 7:41:36,67.1,2024_TokyoNovice,2024/04/30
2023/06/07 7:36:57,68.6,2024_TokyoNovice,2024/04/30
2023/06/08 6:10:42,68.4,2024_TokyoNovice,2024/04/30
2023/06/09 8:04:52,66.6,2024_TokyoNovice,2024/04/30
2023/06/10 9:27:45,66.5,2024_TokyoNovice,2024/04/30
2023/06/11 7:41:12,67.8,2024_TokyoNovice,2024/04/30
2023/06/12 8:14:29,69.7,2024_TokyoNovice,2024/04/30
2023/06/13 6:58:15,68.7,2024_TokyoNovice,2024/04/30
2023/06/14 8:02:02,67,2024_TokyoNovice,2024/04/30
2023/06/15 7:55:12,67.5,2024_TokyoNovice,2024/04/30
2023/06/17 7:40:40,67.2,2024_TokyoNovice,2024/04/30
2023/06/18 8:22:25,68,2024_TokyoNovice,2024/04/30
2023/06/19 5:40:03,68.6,2024_TokyoNovice,2024/04/30
2023/06/20 6:37:02,68.6,2024_TokyoNovice,2024/04/30
2023/06/21 7:44:23,67.3,2024_TokyoNovice,2024/04/30
2023/06/22 7:26:21,67.7,2024_TokyoNovice,2024/04/30
2023/06/24 8:32:21,67.8,2024_TokyoNovice,2024/04/30
2023/06/25 9:11:24,68.4,2024_TokyoNovice,2024/04/30
2023/06/26 7:44:08,69.1,2024_TokyoNovice,2024/04/30
2023/06/27 7:44:15,68.9,2024_TokyoNovice,2024/04/30
2023/06/28 7:42:59,68.2,2024_TokyoNovice,2024/04/30
2023/06/29 7:43:58,68.6,2024_TokyoNovice,2024/04/30
2023/06/30 7:40:03,68.9,2024_TokyoNovice,2024/04/30
2023/07/01 9:14:43,68.2,2024_TokyoNovice,2024/04/30
2023/07/02 9:10:57,69.2,2024_TokyoNovice,2024/04/30
2023/07/03 7:52:18,69.7,2024_TokyoNovice,2024/04/30
2023/07/04 7:41:18,70,2024_TokyoNovice,2024/04/30
2023/07/05 7:44:31,69.4,2024_TokyoNovice,2024/04/30
2023/07/06 8:36:49,69,2024_TokyoNovice,2024/04/30
2023/07/07 6:11:37,69.3,2024_TokyoNovice,2024/04/30
2023/07/08 7:57:23,70,2024_TokyoNovice,2024/04/30
2023/07/09 9:10:50,70.2,2024_TokyoNovice,2024/04/30
2023/07/10 7:38:09,71.1,2024_TokyoNovice,2024/04/30
2023/07/11 7:21:52,70.9,2024_TokyoNovice,2024/04/30
2023/07/12 6:06:55,70.7,2024_TokyoNovice,2024/04/30
2023/07/13 7:59:01,70.5,2024_TokyoNovice,2024/04/30
2023/07/15 8:33:37,70.1,2024_TokyoNovice,2024/04/30
2023/07/16 6:51:23,72,2024_TokyoNovice,2024/04/30
2023/07/17 8:29:44,71.1,2024_TokyoNovice,2024/04/30
2023/07/18 7:44:04,71.3,2024_TokyoNovice,2024/04/30
2023/07/19 7:43:15,70.9,2024_TokyoNovice,2024/04/30
2023/07/20 7:42:34,70.3,2024_TokyoNovice,2024/04/30
2023/07/21 7:59:18,69.3,2024_TokyoNovice,2024/04/30
2023/07/22 11:05:24,70.2,2024_TokyoNovice,2024/04/30
2023/07/23 8:08:12,71.6,2024_TokyoNovice,2024/04/30
2023/07/24 7:39:28,71.9,2024_TokyoNovice,2024/04/30
2023/07/25 7:42:21,70.4,2024_TokyoNovice,2024/04/30
2023/07/26 8:00:24,70.6,2024_TokyoNovice,2024/04/30
2023/07/27 8:36:09,70.2,2024_TokyoNovice,2024/04/30
2023/07/28 9:28:00,70.6,2024_TokyoNovice,2024/04/30
2023/07/29 8:13:42,70.9,2024_TokyoNovice,2024/04/30
2023/07/30 8:31:09,71.7,2024_TokyoNovice,2024/04/30
2023/07/31 7:35:11,71.8,2024_TokyoNovice,2024/04/30
2023/08/01 7:43:51,71.6,2024_TokyoNovice,2024/04/30
2023/08/02 8:35:23,70.5,2024_TokyoNovice,2024/04/30
2023/08/03 7:50:01,70.5,2024_TokyoNovice,2024/04/30
2023/08/04 8:38:10,70.3,2024_TokyoNovice,2024/04/30
2023/08/05 9:08:33,70.5,2024_TokyoNovice,2024/04/30
2023/08/06 9:18:32,72.3,2024_TokyoNovice,2024/04/30
2023/08/07 7:52:20,72.1,2024_TokyoNovice,2024/04/30
2023/08/08 7:46:45,70.6,2024_TokyoNovice,2024/04/30
2023/08/09 7:50:18,70.7,2024_TokyoNovice,2024/04/30
2023/08/10 8:22:49,70.8,2024_TokyoNovice,2024/04/30
2023/08/11 8:06:43,70.8,2024_TokyoNovice,2024/04/30
2023/08/12 8:08:48,71.2,2024_TokyoNovice,2024/04/30
2023/08/20 9:11:17,69.9,2024_TokyoNovice,2024/04/30
2023/08/21 7:48:19,70.2,2024_TokyoNovice,2024/04/30
2023/08/22 8:10:26,70.8,2024_TokyoNovice,2024/04/30
2023/08/28 8:00:10,69.3,2024_TokyoNovice,2024/04/30
2023/08/31 9:09:29,68.9,2024_TokyoNovice,2024/04/30
2023/09/01 8:01:42,70,2024_TokyoNovice,2024/04/30
2023/09/02 8:51:33,69.6,2024_TokyoNovice,2024/04/30
2023/09/03 11:06:17,70.1,2024_TokyoNovice,2024/04/30
2023/09/04 8:00:18,70.5,2024_TokyoNovice,2024/04/30
2023/09/05 8:42:20,70.1,2024_TokyoNovice,2024/04/30
2023/09/09 9:16:21,70.6,2024_TokyoNovice,2024/04/30
2023/09/10 9:26:45,71.7,2024_TokyoNovice,2024/04/30
2023/09/11 7:53:49,72,2024_TokyoNovice,2024/04/30
2023/09/12 8:47:58,71.1,2024_TokyoNovice,2024/04/30
2023/09/16 9:18:55,70.1,2024_TokyoNovice,2024/04/30
2023/09/17 11:03:59,70.7,2024_TokyoNovice,2024/04/30
2023/09/18 11:12:22,71.5,2024_TokyoNovice,2024/04/30
2023/09/19 7:55:46,71.3,2024_TokyoNovice,2024/04/30
2023/09/20 7:43:37,71.2,2024_TokyoNovice,2024/04/30
2023/09/23 9:03:26,70.6,2024_TokyoNovice,2024/04/30
2023/09/24 9:22:38,71.5,2024_TokyoNovice,2024/04/30
2023/09/25 7:48:43,72,2024_TokyoNovice,2024/04/30
2023/10/02 8:01:09,72,2024_TokyoNovice,2024/04/30
2023/10/03 7:58:57,73.3,2024_TokyoNovice,2024/04/30
2023/10/04 7:50:10,72.6,2024_TokyoNovice,2024/04/30
2023/10/07 8:35:16,71.7,2024_TokyoNovice,2024/04/30
2023/10/10 9:06:46,72.4,2024_TokyoNovice,2024/04/30
2023/10/15 11:02:13,72.8,2024_TokyoNovice,2024/04/30
2023/10/20 7:48:27,73.6,2024_TokyoNovice,2024/04/30
2023/10/29 9:56:18,73,2024_TokyoNovice,2024/04/30
2023/11/29 8:39:23,73.1,2024_TokyoNovice,2024/04/30
2023/12/01 7:50:56,73.2,2024_TokyoNovice,2024/04/30
2023/12/03 11:50:00,72.1,2024_TokyoNovice,2024/04/30
2023/12/04 6:46:48,72.9,2024_TokyoNovice,2024/04/30
2023/12/09 8:37:43,72.3,2024_TokyoNovice,2024/04/30
2023/12/10 10:57:22,71.8,2024_TokyoNovice,2024/04/30
2023/12/11 6:15:24,71.9,2024_TokyoNovice,2024/04/30
2023/12/13 7:16:50,71.2,2024_TokyoNovice,2024/04/30
2023/12/14 6:20:47,71.6,2024_TokyoNovice,2024/04/30
2023/12/15 6:24:13,71.7,2024_TokyoNovice,2024/04/30
2023/12/16 8:56:35,72.1,2024_TokyoNovice,2024/04/30
2023/12/17 10:38:43,71.8,2024_TokyoNovice,2024/04/30
2023/12/19 6:24:35,71.5,2024_TokyoNovice,2024/04/30
2023/12/20 6:22:00,71.6,2024_TokyoNovice,2024/04/30
2023/12/21 6:21:42,71.6,2024_TokyoNovice,2024/04/30
2023/12/22 6:19:05,71.6,2024_TokyoNovice,2024/04/30
2023/12/23 8:44:20,70.8,2024_TokyoNovice,2024/04/30
2023/12/24 10:46:51,70.5,2024_TokyoNovice,2024/04/30
2023/12/25 6:21:01,70.6,2024_TokyoNovice,2024/04/30
2023/12/26 6:52:47,70.1,2024_TokyoNovice,2024/04/30
2023/12/27 6:17:23,71,2024_TokyoNovice,2024/04/30
2023/12/28 7:54:20,70.9,2024_TokyoNovice,2024/04/30
2023/12/29 9:55:21,69.6,2024_TokyoNovice,2024/04/30
2023/12/30 8:32:08,70.3,2024_TokyoNovice,2024/04/30
2023/12/31 8:28:41,71,2024_TokyoNovice,2024/04/30
2024/01/02 10:43:24,71,2024_TokyoNovice,2024/04/30
2024/01/04 7:40:40,70.8,2024_TokyoNovice,2024/04/30
2024/01/05 8:51:00,71.5,2024_TokyoNovice,2024/04/30
2024/01/06 8:50:38,70.8,2024_TokyoNovice,2024/04/30
2024/01/07 10:00:16,70.6,2024_TokyoNovice,2024/04/30
2024/01/08 9:10:39,71.1,2024_TokyoNovice,2024/04/30
2024/01/09 6:13:42,70.6,2024_TokyoNovice,2024/04/30
2024/01/10 6:47:19,71,2024_TokyoNovice,2024/04/30
2024/01/11 7:07:55,70,2024_TokyoNovice,2024/04/30
2024/01/12 6:32:43,70.2,2024_TokyoNovice,2024/04/30
2024/01/13 9:15:35,70.2,2024_TokyoNovice,2024/04/30
2024/01/14 8:18:59,69.6,2024_TokyoNovice,2024/04/30
2024/01/15 5:59:35,70.1,2024_TokyoNovice,2024/04/30
2024/01/16 6:42:05,69.9,2024_TokyoNovice,2024/04/30
2024/01/17 6:52:09,69.9,2024_TokyoNovice,2024/04/30
2024/01/18 6:44:27,68.9,2024_TokyoNovice,2024/04/30
2024/01/19 6:18:03,69.3,2024_TokyoNovice,2024/04/30
2024/01/20 8:48:17,69.7,2024_TokyoNovice,2024/04/30
2024/01/21 8:16:19,69.1,2024_TokyoNovice,2024/04/30
2024/01/22 6:20:56,69.3,2024_TokyoNovice,2024/04/30
2024/01/23 6:11:27,69.4,2024_TokyoNovice,2024/04/30
2024/01/24 6:15:38,69.7,2024_TokyoNovice,2024/04/30
2024/01/25 6:40:07,69.1,2024_TokyoNovice,2024/04/30
2024/01/26 6:36:36,68.9,2024_TokyoNovice,2024/04/30
2024/01/27 7:53:00,68.7,2024_TokyoNovice,2024/04/30
2024/01/28 8:18:35,67.9,2024_TokyoNovice,2024/04/30
2024/01/29 6:21:12,68.4,2024_TokyoNovice,2024/04/30
2024/01/30 6:18:47,69.2,2024_TokyoNovice,2024/04/30
2024/01/31 6:42:57,68.8,2024_TokyoNovice,2024/04/30
2024/02/01 6:42:38,68.3,2024_TokyoNovice,2024/04/30
2024/02/02 7:47:01,68,2024_TokyoNovice,2024/04/30
2024/02/03 8:13:08,67.9,2024_TokyoNovice,2024/04/30
2024/02/04 9:29:46,68.2,2024_TokyoNovice,2024/04/30
2024/02/05 6:19:31,68.4,2024_TokyoNovice,2024/04/30
2024/02/07 6:31:21,68.2,2024_TokyoNovice,2024/04/30
2024/02/08 7:34:57,67.3,2024_TokyoNovice,2024/04/30
2024/02/09 6:22:12,67.5,2024_TokyoNovice,2024/04/30
2024/02/10 8:10:32,67.7,2024_TokyoNovice,2024/04/30
2024/02/11 8:18:03,67.7,2024_TokyoNovice,2024/04/30
2024/02/12 8:38:56,67.3,2024_TokyoNovice,2024/04/30
2024/02/13 6:42:37,67.5,2024_TokyoNovice,2024/04/30
2024/02/14 6:25:08,67.4,2024_TokyoNovice,2024/04/30
2024/02/15 7:34:27,67.3,2024_TokyoNovice,2024/04/30
2024/02/16 8:24:31,67.1,2024_TokyoNovice,2024/04/30
2024/02/17 7:35:46,66.3,2024_TokyoNovice,2024/04/30
2024/02/18 8:00:38,67,2024_TokyoNovice,2024/04/30
2024/02/19 6:21:27,67.3,2024_TokyoNovice,2024/04/30
2024/02/20 6:26:30,67.5,2024_TokyoNovice,2024/04/30
2024/02/21 6:18:03,67,2024_TokyoNovice,2024/04/30
2024/02/22 7:27:31,67,2024_TokyoNovice,2024/04/30
2024/02/23 11:40:44,66.3,2024_TokyoNovice,2024/04/30
2024/02/24 8:31:02,66.3,2024_TokyoNovice,2024/04/30
2024/02/25 7:29:18,65.6,2024_TokyoNovice,2024/04/30
2024/02/26 6:21:00,66,2024_TokyoNovice,2024/04/30
2024/02/27 7:24:50,66.1,2024_TokyoNovice,2024/04/30
2024/02/28 6:22:44,66,2024_TokyoNovice,2024/04/30
2024/02/29 6:19:40,66.1,2024_TokyoNovice,2024/04/30
2024/03/01 7:28:00,65.3,2024_TokyoNovice,2024/04/30
2024/03/02 7:59:03,65.5,2024_TokyoNovice,2024/04/30
2024/03/03 8:30:41,66.1,2024_TokyoNovice,2024/04/30
2024/03/04 6:34:02,65.9,2024_TokyoNovice,2024/04/30
2024/03/05 6:35:50,66,2024_TokyoNovice,2024/04/30
2024/03/06 9:03:52,65.9,2024_TokyoNovice,2024/04/30
2024/03/07 6:07:17,65.2,2024_TokyoNovice,2024/04/30
2024/03/08 7:19:28,65.3,2024_TokyoNovice,2024/04/30
2024/03/09 7:41:45,64.7,2024_TokyoNovice,2024/04/30
2024/03/10 7:21:54,65.8,2024_TokyoNovice,2024/04/30
2024/03/11 6:56:45,65.6,2024_TokyoNovice,2024/04/30
2024/03/12 5:28:49,65.7,2024_TokyoNovice,2024/04/30
2024/03/13 6:10:06,65.4,2024_TokyoNovice,2024/04/30
2024/03/14 6:53:27,65,2024_TokyoNovice,2024/04/30
2024/03/15 6:13:16,64.7,2024_TokyoNovice,2024/04/30
2024/03/16 8:26:33,64.4,2024_TokyoNovice,2024/04/30
2024/03/17 7:27:30,64.5,2024_TokyoNovice,2024/04/30
2024/03/18 7:56:44,64.6,2024_TokyoNovice,2024/04/30
2024/03/19 6:34:24,64.8,2024_TokyoNovice,2024/04/30
2024/03/20 7:26:35,64.6,2024_TokyoNovice,2024/04/30
2024/03/21 7:24:47,63.9,2024_TokyoNovice,2024/04/30
2024/03/22 5:25:56,63.2,2024_TokyoNovice,2024/04/30
2024/03/23 8:43:24,63.2,2024_TokyoNovice,2024/04/30
2024/03/24 7:11:00,63.4,2024_TokyoNovice,2024/04/30
2024/03/25 6:26:30,63.8,2024_TokyoNovice,2024/04/30
2024/03/26 7:18:45,63.8,2024_TokyoNovice,2024/04/30
2024/03/27 6:29:35,64.4,2024_TokyoNovice,2024/04/30
2024/03/28 6:39:47,64.2,2024_TokyoNovice,2024/04/30
2024/03/29 7:26:55,63.6,2024_TokyoNovice,2024/04/30
2024/03/30 8:18:29,63.5,2024_TokyoNovice,2024/04/30
2024/03/31 9:21:45,62.9,2024_TokyoNovice,2024/04/30
2024/04/01 6:37:18,63.2,2024_TokyoNovice,2024/04/30
2024/04/02 6:07:32,64.4,2024_TokyoNovice,2024/04/30
2024/04/03 6:22:54,64.1,2024_TokyoNovice,2024/04/30
2024/04/04 6:41:13,62.7,2024_TokyoNovice,2024/04/30
2024/04/05 6:31:53,62.9,2024_TokyoNovice,2024/04/30
2024/04/06 9:23:07,62.9,2024_TokyoNovice,2024/04/30
2024/04/07 8:58:58,63.1,2024_TokyoNovice,2024/04/30
2024/04/08 6:30:51,62.3,2024_TokyoNovice,2024/04/30
2024/04/09 6:17:42,63.2,2024_TokyoNovice,2024/04/30
2024/04/10 6:29:18,62.7,2024_TokyoNovice,2024/04/30
2024/04/12 6:41:12,63.8,2024_TokyoNovice,2024/04/30
2024/04/13 7:07:20,63,2024_TokyoNovice,2024/04/30
2024/04/14 9:12:48,62.3,2024_TokyoNovice,2024/04/30
2024/04/15 6:13:51,62.1,2024_TokyoNovice,2024/04/30
2024/04/16 6:16:39,62.2,2024_TokyoNovice,2024/04/30
2024/04/17 6:14:13,62.1,2024_TokyoNovice,2024/04/30
2024/04/18 7:33:29,61.9,2024_TokyoNovice,2024/04/30
2024/04/19 6:26:11,62.1,2024_TokyoNovice,2024/04/30
2024/04/20 8:03:41,61.7,2024_TokyoNovice,2024/04/30
2024/04/21 8:11:41,61.3,2024_TokyoNovice,2024/04/30
2024/04/22 6:15:58,62.1,2024_TokyoNovice,2024/04/30
2024/04/23 6:13:20,62.4,2024_TokyoNovice,2024/04/30
2024/04/24 6:18:24,62.5,2024_TokyoNovice,2024/04/30
2024/04/25 6:29:04,61.9,2024_TokyoNovice,2024/04/30
2024/04/26 6:32:17,61.6,2024_TokyoNovice,2024/04/30
2024/04/27 6:47:43,61.2,2024_TokyoNovice,2024/04/30
2024/04/28 7:09:57,61.2,2024_TokyoNovice,2024/04/30
2024/04/29 6:42:44,60.9,2024_TokyoNovice,2024/04/30
2024/04/30 7:48:58,60.7,2024_TokyoNovice,2024/04/30
2024/05/01 6:55:31,61.7,2025_TokyoNovice,2025/05/02
2024/05/02 7:35:48,61.2,2025_TokyoNovice,2025/05/02
2024/05/03 6:48:46,61.6,2025_TokyoNovice,2025/05/02
2024/05/04 8:29:43,63,2025_TokyoNovice,2025/05/02
2024/05/05 7:42:37,64.4,2025_TokyoNovice,2025/05/02
2024/05/06 8:20:51,62.8,2025_TokyoNovice,2025/05/02
2024/05/07 6:14:40,63,2025_TokyoNovice,2025/05/02
2024/05/08 6:23:02,62.6,2025_TokyoNovice,2025/05/02
2024/05/09 7:26:14,61.5,2025_TokyoNovice,2025/05/02
2024/05/10 6:58:04,62.3,2025_TokyoNovice,2025/05/02
2024/05/11 8:23:07,60.6,2025_TokyoNovice,2025/05/02
2024/05/12 11:06:58,59.6,2025_TokyoNovice,2025/05/02
2024/05/13 12:48:13,59.6,2025_TokyoNovice,2025/05/02
2024/05/15 7:15:23,63,2025_TokyoNovice,2025/05/02
2024/05/16 7:19:53,63.5,2025_TokyoNovice,2025/05/02
2024/05/17 7:14:39,63,2025_TokyoNovice,2025/05/02
2024/05/20 6:26:57,64.2,2025_TokyoNovice,2025/05/02
2024/05/21 6:11:55,65.7,2025_TokyoNovice,2025/05/02
2024/05/22 7:31:25,65.3,2025_TokyoNovice,2025/05/02
2024/05/23 6:28:59,65.1,2025_TokyoNovice,2025/05/02
2024/05/24 6:34:18,64.6,2025_TokyoNovice,2025/05/02
2024/05/25 8:20:27,64.9,2025_TokyoNovice,2025/05/02
2024/05/26 7:48:50,64.8,2025_TokyoNovice,2025/05/02
2024/05/27 6:40:10,66.3,2025_TokyoNovice,2025/05/02
2024/05/28 6:31:56,67.2,2025_TokyoNovice,2025/05/02
2024/05/29 6:33:35,65.8,2025_TokyoNovice,2025/05/02
2024/05/30 6:26:39,65.9,2025_TokyoNovice,2025/05/02
2024/05/31 7:40:16,65.8,2025_TokyoNovice,2025/05/02
2024/06/01 8:20:10,66.8,2025_TokyoNovice,2025/05/02
2024/06/02 8:17:02,67.2,2025_TokyoNovice,2025/05/02
2024/06/03 6:21:38,67.7,2025_TokyoNovice,2025/05/02
2024/06/04 6:33:33,67.8,2025_TokyoNovice,2025/05/02
2024/06/05 6:45:27,67.3,2025_TokyoNovice,2025/05/02
2024/06/06 7:31:00,67.7,2025_TokyoNovice,2025/05/02
2024/06/07 7:30:02,68.3,2025_TokyoNovice,2025/05/02
2024/06/09 9:34:01,68.7,2025_TokyoNovice,2025/05/02
2024/06/10 6:23:51,69.2,2025_TokyoNovice,2025/05/02
2024/06/13 7:15:50,68.7,2025_TokyoNovice,2025/05/02
2024/06/14 9:17:57,69.1,2025_TokyoNovice,2025/05/02
2024/06/15 7:25:05,69.4,2025_TokyoNovice,2025/05/02
2024/06/16 9:04:00,70.2,2025_TokyoNovice,2025/05/02
2024/06/17 7:59:13,71,2025_TokyoNovice,2025/05/02
2024/06/19 6:39:24,70.6,2025_TokyoNovice,2025/05/02
2024/06/20 8:02:22,70.3,2025_TokyoNovice,2025/05/02
2024/06/21 7:51:31,70.6,2025_TokyoNovice,2025/05/02
2024/06/22 8:22:57,70,2025_TokyoNovice,2025/05/02
2024/06/23 9:38:07,70.3,2025_TokyoNovice,2025/05/02
2024/06/24 6:24:25,70.9,2025_TokyoNovice,2025/05/02
2024/06/25 6:23:06,71.9,2025_TokyoNovice,2025/05/02
2024/06/26 6:58:32,71.4,2025_TokyoNovice,2025/05/02
2024/06/27 7:46:33,70.6,2025_TokyoNovice,2025/05/02
2024/06/28 7:59:07,71,2025_TokyoNovice,2025/05/02
2024/06/29 8:39:36,70.5,2025_TokyoNovice,2025/05/02
2024/06/30 8:25:34,71.2,2025_TokyoNovice,2025/05/02
2024/07/01 6:27:47,71.7,2025_TokyoNovice,2025/05/02
2024/07/02 6:34:52,72.5,2025_TokyoNovice,2025/05/02
2024/07/04 7:23:51,70.9,2025_TokyoNovice,2025/05/02
2024/07/05 7:15:52,71.6,2025_TokyoNovice,2025/05/02
2024/07/06 8:31:56,71.5,2025_TokyoNovice,2025/05/02
2024/07/07 8:49:15,72.2,2025_TokyoNovice,2025/05/02
2024/07/08 6:18:52,72.5,2025_TokyoNovice,2025/05/02
2024/07/09 6:21:14,72.6,2025_TokyoNovice,2025/05/02
2024/07/10 6:54:35,71.9,2025_TokyoNovice,2025/05/02
2024/07/11 7:58:04,71.3,2025_TokyoNovice,2025/05/02
2024/07/12 7:37:56,71.5,2025_TokyoNovice,2025/05/02
2024/07/13 9:07:41,71.4,2025_TokyoNovice,2025/05/02
2024/07/14 9:47:28,72.9,2025_TokyoNovice,2025/05/02
2024/07/15 9:02:08,73,2025_TokyoNovice,2025/05/02
2024/07/16 6:23:11,73,2025_TokyoNovice,2025/05/02
2024/07/17 7:44:06,73.4,2025_TokyoNovice,2025/05/02
2024/07/18 7:48:06,72.7,2025_TokyoNovice,2025/05/02
2024/07/19 7:38:47,72.4,2025_TokyoNovice,2025/05/02
2024/07/20 9:12:45,72.8,2025_TokyoNovice,2025/05/02
2024/07/21 9:17:14,73.9,2025_TokyoNovice,2025/05/02
2024/07/22 6:13:36,73.5,2025_TokyoNovice,2025/05/02
2024/07/23 6:19:55,74.4,2025_TokyoNovice,2025/05/02
2024/07/24 7:49:27,73.4,2025_TokyoNovice,2025/05/02
2024/07/25 6:37:52,72.6,2025_TokyoNovice,2025/05/02
2024/07/26 7:51:07,73.4,2025_TokyoNovice,2025/05/02
2024/07/27 10:38:50,73.4,2025_TokyoNovice,2025/05/02
2024/07/28 8:19:58,73.7,2025_TokyoNovice,2025/05/02
2024/07/29 6:18:06,73.7,2025_TokyoNovice,2025/05/02
2024/07/31 7:44:55,73.3,2025_TokyoNovice,2025/05/02
2024/08/01 7:24:43,73.1,2025_TokyoNovice,2025/05/02
2024/08/03 9:07:48,73.3,2025_TokyoNovice,2025/05/02
2024/08/05 6:23:23,73.6,2025_TokyoNovice,2025/05/02
2024/08/13 8:32:42,73.3,2025_TokyoNovice,2025/05/02
2024/08/14 6:19:25,73.5,2025_TokyoNovice,2025/05/02
2024/08/15 7:56:55,73.7,2025_TokyoNovice,2025/05/02
2024/08/16 6:21:38,73.4,2025_TokyoNovice,2025/05/02
2024/08/17 9:12:25,73.2,2025_TokyoNovice,2025/05/02
2024/08/21 7:47:56,72.8,2025_TokyoNovice,2025/05/02
2024/08/26 7:54:14,73.6,2025_TokyoNovice,2025/05/02
2024/08/27 6:34:12,74.4,2025_TokyoNovice,2025/05/02
2024/08/30 9:10:39,73.6,2025_TokyoNovice,2025/05/02
2024/09/01 9:20:44,74.9,2025_TokyoNovice,2025/05/02
2024/09/02 7:52:25,74.5,2025_TokyoNovice,2025/05/02
2024/09/03 6:19:41,74.4,2025_TokyoNovice,2025/05/02
2024/09/04 6:27:30,74.9,2025_TokyoNovice,2025/05/02
2024/09/07 8:45:54,75.3,2025_TokyoNovice,2025/05/02
2024/09/08 8:35:30,74.5,2025_TokyoNovice,2025/05/02
2024/09/09 8:13:58,74.3,2025_TokyoNovice,2025/05/02
2024/09/10 7:41:54,74.4,2025_TokyoNovice,2025/05/02
2024/09/12 8:01:12,75.5,2025_TokyoNovice,2025/05/02
2024/09/13 7:49:27,74.7,2025_TokyoNovice,2025/05/02
2024/09/14 9:08:22,75.3,2025_TokyoNovice,2025/05/02
2024/09/15 9:18:20,75.8,2025_TokyoNovice,2025/05/02
2024/09/16 9:26:16,75.8,2025_TokyoNovice,2025/05/02
2024/09/18 7:44:37,76.3,2025_TokyoNovice,2025/05/02
2024/09/19 8:16:56,75.5,2025_TokyoNovice,2025/05/02
2024/09/24 6:33:27,75.9,2025_TokyoNovice,2025/05/02
2024/09/26 8:14:51,74.5,2025_TokyoNovice,2025/05/02
2024/09/27 8:37:59,75.2,2025_TokyoNovice,2025/05/02
2024/09/28 8:40:22,76.1,2025_TokyoNovice,2025/05/02
2024/09/29 9:09:37,76.1,2025_TokyoNovice,2025/05/02
2024/09/30 9:13:18,75.6,2025_TokyoNovice,2025/05/02
2024/10/01 7:24:53,76.2,2025_TokyoNovice,2025/05/02
2024/10/03 6:48:41,74.7,2025_TokyoNovice,2025/05/02
2024/10/04 7:47:03,75.9,2025_TokyoNovice,2025/05/02
2024/10/05 9:01:53,76,2025_TokyoNovice,2025/05/02
2024/10/09 6:25:14,75,2025_TokyoNovice,2025/05/02
2024/10/12 9:00:45,74.6,2025_TokyoNovice,2025/05/02
2024/10/13 11:13:57,74.3,2025_TokyoNovice,2025/05/02
2024/10/14 10:13:26,75.2,2025_TokyoNovice,2025/05/02
2024/10/15 6:29:24,74.7,2025_TokyoNovice,2025/05/02
2024/10/16 6:21:19,75.6,2025_TokyoNovice,2025/05/02
2024/10/17 6:29:09,74.8,2025_TokyoNovice,2025/05/02
2024/10/19 8:27:36,74.1,2025_TokyoNovice,2025/05/02
2024/10/20 9:06:40,73.9,2025_TokyoNovice,2025/05/02
2024/10/21 6:20:30,74.1,2025_TokyoNovice,2025/05/02
2024/10/22 6:18:54,74.4,2025_TokyoNovice,2025/05/02
2024/10/23 7:52:08,73.8,2025_TokyoNovice,2025/05/02
2024/10/24 7:03:05,73.3,2025_TokyoNovice,2025/05/02
2024/10/26 8:53:25,73,2025_TokyoNovice,2025/05/02
2024/10/27 11:26:18,73,2025_TokyoNovice,2025/05/02
2024/10/28 6:26:06,73.3,2025_TokyoNovice,2025/05/02
2024/10/29 7:06:41,73.8,2025_TokyoNovice,2025/05/02
2024/10/30 6:24:00,73,2025_TokyoNovice,2025/05/02
2024/10/31 6:55:33,73.4,2025_TokyoNovice,2025/05/02
2024/11/01 6:32:32,72.4,2025_TokyoNovice,2025/05/02
2024/11/02 8:31:55,73,2025_TokyoNovice,2025/05/02
2024/11/03 11:41:20,72.9,2025_TokyoNovice,2025/05/02
2024/11/04 9:11:26,73.5,2025_TokyoNovice,2025/05/02
2024/11/05 6:51:16,73.6,2025_TokyoNovice,2025/05/02
2024/11/06 6:26:41,73.2,2025_TokyoNovice,2025/05/02
2024/11/07 8:04:22,73.2,2025_TokyoNovice,2025/05/02
2024/11/08 6:31:22,71.7,2025_TokyoNovice,2025/05/02
2024/11/09 8:39:47,72,2025_TokyoNovice,2025/05/02
2024/11/10 9:59:47,72.8,2025_TokyoNovice,2025/05/02
2024/11/11 6:32:35,73.7,2025_TokyoNovice,2025/05/02
2024/11/12 7:46:05,74.3,2025_TokyoNovice,2025/05/02
2024/11/13 6:35:47,73.1,2025_TokyoNovice,2025/05/02
2024/11/14 8:01:49,73,2025_TokyoNovice,2025/05/02
2024/11/15 7:02:32,73,2025_TokyoNovice,2025/05/02
2024/11/16 13:17:44,72.6,2025_TokyoNovice,2025/05/02
2024/11/17 9:35:27,73.9,2025_TokyoNovice,2025/05/02
2024/11/18 8:10:56,72.9,2025_TokyoNovice,2025/05/02
2024/11/19 6:36:04,72.4,2025_TokyoNovice,2025/05/02
2024/11/20 6:36:11,73,2025_TokyoNovice,2025/05/02
2024/11/22 8:05:32,72.6,2025_TokyoNovice,2025/05/02
2024/11/23 9:07:26,72.1,2025_TokyoNovice,2025/05/02
2024/11/24 9:07:34,72.5,2025_TokyoNovice,2025/05/02
2024/11/25 10:11:20,71.8,2025_TokyoNovice,2025/05/02
2024/11/26 14:31:49,71.6,2025_TokyoNovice,2025/05/02
2024/11/27 8:04:06,71.5,2025_TokyoNovice,2025/05/02
2024/11/28 9:31:32,71,2025_TokyoNovice,2025/05/02
2024/11/30 8:24:23,70.9,2025_TokyoNovice,2025/05/02
2024/12/01 9:22:17,71.7,2025_TokyoNovice,2025/05/02
2024/12/02 6:32:06,71.8,2025_TokyoNovice,2025/05/02
2024/12/03 6:33:35,72.4,2025_TokyoNovice,2025/05/02
2024/12/04 7:49:28,71.3,2025_TokyoNovice,2025/05/02
2024/12/05 7:50:56,69.9,2025_TokyoNovice,2025/05/02
2024/12/06 6:37:02,70,2025_TokyoNovice,2025/05/02
2024/12/07 9:32:13,70.9,2025_TokyoNovice,2025/05/02
2024/12/08 9:39:15,71.1,2025_TokyoNovice,2025/05/02
2024/12/09 7:37:44,71,2025_TokyoNovice,2025/05/02
2024/12/10 8:28:09,71.1,2025_TokyoNovice,2025/05/02
2024/12/11 6:22:15,69.6,2025_TokyoNovice,2025/05/02
2024/12/12 7:59:29,69.8,2025_TokyoNovice,2025/05/02
2024/12/13 6:38:47,69.1,2025_TokyoNovice,2025/05/02
2024/12/14 9:03:57,70.3,2025_TokyoNovice,2025/05/02
2024/12/15 8:43:54,70.7,2025_TokyoNovice,2025/05/02
2024/12/16 6:37:01,70,2025_TokyoNovice,2025/05/02
2024/12/17 7:53:17,70.4,2025_TokyoNovice,2025/05/02
2024/12/18 6:33:25,69.5,2025_TokyoNovice,2025/05/02
2024/12/19 7:46:30,69.6,2025_TokyoNovice,2025/05/02
2024/12/20 6:41:01,68.6,2025_TokyoNovice,2025/05/02
2024/12/21 8:23:41,69.2,2025_TokyoNovice,2025/05/02
2024/12/22 10:51:50,69.3,2025_TokyoNovice,2025/05/02
2024/12/23 6:39:39,69.6,2025_TokyoNovice,2025/05/02
2024/12/24 7:31:53,69.9,2025_TokyoNovice,2025/05/02
2024/12/25 7:32:29,69.3,2025_TokyoNovice,2025/05/02
2024/12/26 6:24:44,69,2025_TokyoNovice,2025/05/02
2024/12/27 6:35:08,68.7,2025_TokyoNovice,2025/05/02
2024/12/28 8:07:46,68.6,2025_TokyoNovice,2025/05/02
2024/12/29 7:33:10,68.3,2025_TokyoNovice,2025/05/02
2024/12/30 8:59:58,68.8,2025_TokyoNovice,2025/05/02
2024/12/31 9:07:12,67.9,2025_TokyoNovice,2025/05/02
2025/01/01 8:38:38,68.7,2025_TokyoNovice,2025/05/02
2025/01/02 9:02:09,68.5,2025_TokyoNovice,2025/05/02
2025/01/03 10:36:39,68.6,2025_TokyoNovice,2025/05/02
2025/01/04 7:36:57,68.4,2025_TokyoNovice,2025/05/02
2025/01/05 9:36:27,68.3,2025_TokyoNovice,2025/05/02
2025/01/06 6:33:50,68.7,2025_TokyoNovice,2025/05/02
2025/01/07 7:57:35,69.2,2025_TokyoNovice,2025/05/02
2025/01/08 6:42:32,67.6,2025_TokyoNovice,2025/05/02
2025/01/09 7:27:49,68.5,2025_TokyoNovice,2025/05/02
2025/01/10 6:34:42,67.5,2025_TokyoNovice,2025/05/02
2025/01/11 8:21:44,68.5,2025_TokyoNovice,2025/05/02
2025/01/12 7:40:01,68.3,2025_TokyoNovice,2025/05/02
2025/01/13 9:01:15,68.3,2025_TokyoNovice,2025/05/02
2025/01/14 7:37:00,68,2025_TokyoNovice,2025/05/02
2025/01/15 6:43:47,67.9,2025_TokyoNovice,2025/05/02
2025/01/16 7:37:03,68,2025_TokyoNovice,2025/05/02
2025/01/17 6:45:24,67.4,2025_TokyoNovice,2025/05/02
2025/01/18 9:09:24,67.5,2025_TokyoNovice,2025/05/02
2025/01/19 8:11:28,67.3,2025_TokyoNovice,2025/05/02
2025/01/20 8:36:16,67.2,2025_TokyoNovice,2025/05/02
2025/01/21 6:36:42,67.3,2025_TokyoNovice,2025/05/02
2025/01/22 6:40:50,67.8,2025_TokyoNovice,2025/05/02
2025/01/23 6:34:43,67.6,2025_TokyoNovice,2025/05/02
2025/01/24 6:43:48,67.5,2025_TokyoNovice,2025/05/02
2025/01/25 8:50:30,67.7,2025_TokyoNovice,2025/05/02
2025/01/26 9:07:22,66.9,2025_TokyoNovice,2025/05/02
2025/01/27 7:38:17,66.7,2025_TokyoNovice,2025/05/02
2025/01/28 7:35:18,66.7,2025_TokyoNovice,2025/05/02
2025/01/29 6:40:16,66.7,2025_TokyoNovice,2025/05/02
2025/01/30 7:30:07,68.1,2025_TokyoNovice,2025/05/02
2025/01/31 6:42:12,66.7,2025_TokyoNovice,2025/05/02
2025/02/01 8:59:55,67.8,2025_TokyoNovice,2025/05/02
2025/02/02 8:09:20,67.2,2025_TokyoNovice,2025/05/02
2025/02/03 7:09:35,67.7,2025_TokyoNovice,2025/05/02
2025/02/04 6:31:33,67.1,2025_TokyoNovice,2025/05/02
2025/02/05 6:33:32,66.9,2025_TokyoNovice,2025/05/02
2025/02/06 7:06:33,66.6,2025_TokyoNovice,2025/05/02
2025/02/07 6:35:01,66.1,2025_TokyoNovice,2025/05/02
2025/02/08 7:31:11,66.4,2025_TokyoNovice,2025/05/02
2025/02/09 8:05:45,65.5,2025_TokyoNovice,2025/05/02
2025/02/10 7:47:09,65.9,2025_TokyoNovice,2025/05/02
2025/02/11 7:56:19,65.6,2025_TokyoNovice,2025/05/02
2025/02/12 6:37:37,66,2025_TokyoNovice,2025/05/02
2025/02/13 7:20:56,66,2025_TokyoNovice,2025/05/02
2025/02/14 6:33:28,65.7,2025_TokyoNovice,2025/05/02
2025/02/15 8:02:10,65.8,2025_TokyoNovice,2025/05/02
2025/02/16 8:54:49,65.6,2025_TokyoNovice,2025/05/02
2025/02/17 8:24:05,65.9,2025_TokyoNovice,2025/05/02
2025/02/19 6:31:54,65.8,2025_TokyoNovice,2025/05/02
2025/02/20 6:58:38,66,2025_TokyoNovice,2025/05/02
2025/02/21 6:32:46,65.6,2025_TokyoNovice,2025/05/02
2025/02/23 8:37:48,68.1,2025_TokyoNovice,2025/05/02
2025/02/24 7:04:33,66.9,2025_TokyoNovice,2025/05/02
2025/02/25 7:26:17,66.2,2025_TokyoNovice,2025/05/02
2025/02/26 6:37:52,66,2025_TokyoNovice,2025/05/02
2025/02/27 6:56:43,66.4,2025_TokyoNovice,2025/05/02
2025/02/28 6:33:27,65.9,2025_TokyoNovice,2025/05/02
2025/03/02 7:45:20,65,2025_TokyoNovice,2025/05/02
2025/03/03 6:34:35,65,2025_TokyoNovice,2025/05/02
2025/03/04 7:39:14,65.6,2025_TokyoNovice,2025/05/02
2025/03/05 6:26:55,64.4,2025_TokyoNovice,2025/05/02
2025/03/07 7:14:54,65.5,2025_TokyoNovice,2025/05/02
2025/03/08 8:05:25,64.3,2025_TokyoNovice,2025/05/02
2025/03/09 9:13:47,64,2025_TokyoNovice,2025/05/02
2025/03/10 7:28:25,64.3,2025_TokyoNovice,2025/05/02
2025/03/11 7:34:01,64.1,2025_TokyoNovice,2025/05/02
2025/03/12 6:37:14,64.2,2025_TokyoNovice,2025/05/02
2025/03/13 6:38:08,64.1,2025_TokyoNovice,2025/05/02
2025/03/14 6:18:11,65.7,2025_TokyoNovice,2025/05/02
2025/03/15 8:09:39,66.8,2025_TokyoNovice,2025/05/02
2025/03/16 9:29:17,65.2,2025_TokyoNovice,2025/05/02
2025/03/17 6:14:24,64.5,2025_TokyoNovice,2025/05/02
2025/03/18 6:38:50,65.5,2025_TokyoNovice,2025/05/02
2025/03/19 6:34:34,64.5,2025_TokyoNovice,2025/05/02
2025/03/20 8:01:10,64.4,2025_TokyoNovice,2025/05/02
2025/03/21 6:15:01,64,2025_TokyoNovice,2025/05/02
2025/03/22 6:48:09,64.2,2025_TokyoNovice,2025/05/02
2025/03/23 7:18:00,63.4,2025_TokyoNovice,2025/05/02
2025/03/24 6:35:36,64.2,2025_TokyoNovice,2025/05/02
2025/03/25 6:46:23,63.7,2025_TokyoNovice,2025/05/02
2025/03/26 6:33:43,63.2,2025_TokyoNovice,2025/05/02
2025/03/27 6:32:09,63.2,2025_TokyoNovice,2025/05/02
2025/03/28 6:12:07,63.6,2025_TokyoNovice,2025/05/02
2025/03/31 10:45:25,64.9,2025_TokyoNovice,2025/05/02
2025/04/02 6:34:39,65.6,2025_TokyoNovice,2025/05/02
2025/04/03 6:19:01,65.6,2025_TokyoNovice,2025/05/02
2025/04/04 6:33:17,64.3,2025_TokyoNovice,2025/05/02
2025/04/05 7:08:20,64.3,2025_TokyoNovice,2025/05/02
2025/04/06 6:31:48,62.8,2025_TokyoNovice,2025/05/02
2025/04/07 6:54:41,62.9,2025_TokyoNovice,2025/05/02
2025/04/08 6:51:26,63.2,2025_TokyoNovice,2025/05/02
2025/04/09 6:25:18,62.6,2025_TokyoNovice,2025/05/02
2025/04/10 6:16:38,62.6,2025_TokyoNovice,2025/05/02
2025/04/11 6:10:29,63.7,2025_TokyoNovice,2025/05/02
2025/04/12 8:44:43,64.5,2025_TokyoNovice,2025/05/02
2025/04/13 6:13:04,63.1,2025_TokyoNovice,2025/05/02
2025/04/14 5:55:25,63.2,2025_TokyoNovice,2025/05/02
2025/04/15 5:41:43,63.9,2025_TokyoNovice,2025/05/02
2025/04/16 6:06:18,62.9,2025_TokyoNovice,2025/05/02
2025/04/17 6:15:08,63.1,2025_TokyoNovice,2025/05/02
2025/04/18 8:16:49,64.7,2025_TokyoNovice,2025/05/02
2025/04/19 6:13:02,63.1,2025_TokyoNovice,2025/05/02
2025/04/20 11:01:28,62.5,2025_TokyoNovice,2025/05/02
2025/04/21 6:08:16,63,2025_TokyoNovice,2025/05/02
2025/04/22 6:00:15,64.1,2025_TokyoNovice,2025/05/02
2025/04/23 6:35:19,62.8,2025_TokyoNovice,2025/05/02
2025/04/24 6:33:35,63,2025_TokyoNovice,2025/05/02
2025/04/25 8:52:44,62.5,2025_TokyoNovice,2025/05/02
2025/04/26 6:14:25,61.9,2025_TokyoNovice,2025/05/02
2025/04/27 9:59:56,62,2025_TokyoNovice,2025/05/02
2025/04/28 7:10:30,63.6,2025_TokyoNovice,2025/05/02
2025/04/29 11:25:27,63.8,2025_TokyoNovice,2025/05/02
2025/04/30 6:07:24,63.1,2025_TokyoNovice,2025/05/02
2025/05/01 4:27:49,62.1,2025_TokyoNovice,2025/05/02
2025/05/02 9:30:28,58.8,2025_TokyoNovice,2025/05/02
